<?xml version="1.0" encoding="UTF-8"?>
<addon id="plugin.video.90phuttv" version="1.0.11" name="ThapcamTV" provider-name="hoaivnpt">
<requires>
  <import addon="xbmc.python" version="3.0.1"/>
  <import addon="script.module.requests"/>
</requires>
<extension point="xbmc.python.pluginsource" library="main.py">
  <provides>video</provides>
</extension>
<extension point="xbmc.addon.metadata">
  <summary lang="en_GB">THAPCAM TV</summary>
  <description lang="en_GB">Xem trực tiếp thể thao từ ThapcamTV...</description>
  <disclaimer lang="en_GB">Provided by hoaivnpt</disclaimer>
  <license>GPL-3.0-only	</license>
  <assets>
    <icon>icon.thapcam.jpg</icon>
    <fanart>fanart.jpg</fanart>
  </assets>
  <news>1. Ver 1.0.1: Tập làm addon kodi.
2. Ver 1.0.2: Auto Update.
...................
8. Ver 1.0.8: Fix Highlights.
9. Ver 1.0.9: Add Vebotv.
10. Ver 1.0.10: Fix update.
11. Ver 1.0.11: Fix link.
  </news>
</extension>
</addon>
